title,url,image,price,old_price,discount_amount_uah,rating,reviews_count,availability,badges,brand,discount_percent
Флюїд для обличчя день-ніч Nivea Luminous 630 «Потрійний захист» SPF 50 40 мл,https://epicentrk.ua/ua/shop/syvorotka-den-noch-nivea-luminous-630-troynaya-zaschita-spf-50-40-ml.html,https://cdn.27.ua/190/ae/33/6532659_1.jpeg,409,630,220,,,В наявності,Акція -34%,Флюїд,35
Флюїд Nivea CELLULAR EXPERT FILLER SPF 50+ 30 мл,https://epicentrk.ua/ua/shop/fliuid-nivea-cellular-expert-filler-spf-50-30-ml.html,https://cdn.27.ua/190/86/cb/9471691_1.jpeg,422,649,227,,,В наявності,Акція -35%,NIVEA,35
Флюїд для обличчя денний L'Oreal Paris Геній зволоження для сухої та чутливої шкіри з алое 70 мл,https://epicentrk.ua/ua/shop/gel-flyuid-dlya-litsa-dnevnoy-l-oreal-paris-geniy-uvlazhneniya-dlya-sukhoy-i-chuvstvitelnoy-kozhi-s-alo-70-ml.html,https://cdn.27.ua/190/23/c2/598978_3.jpeg,400,572,171,,,В наявності,-30%,Флюїд,30
Флюїд для обличчя BABE Laboratorios зволожуючий для жирної та проблемної шкіри 50 мл,https://epicentrk.ua/ua/shop/fliuid-dlia-oblychchia-babe-laboratorios-zvolozhuiuchyi-dlia-zhyrnoi-ta-problemnoi-shkiry-50-ml.html,https://cdn.27.ua/190/bf/e5/9289701_1.jpeg,649,,,,,В наявності,1+1=3,BABE Laboratorios,
Флюїд денний Nivea тонуючий LUMINOUS630 Подвійна корекція SPF 20 40 мл,https://epicentrk.ua/ua/shop/fliuid-dennyi-nivea-tonuiuchyi-luminous630-podviina-korektsiia-spf-20-40-ml.html,https://cdn.27.ua/190/c5/2b/7390507_1.jpeg,390,600,210,,,В наявності,Акція -35%,Флюїд,35
Тональний флюїд Caudalie Vinocrush № 2 30 мл,https://epicentrk.ua/ua/shop/tonalnyi-fliuid-caudalie-vinocrush-2-30-ml.html,https://cdn.27.ua/190/8c/a9/7900329_3.jpeg,1659,,,,,В наявності,1+1=3,Caudalie,
Флюїд для обличчя нічний Biotrade PURE SKIN з гіалуроновою кислотою та пептидами 50 мл,https://epicentrk.ua/ua/shop/fliuid-dlia-oblychchia-nichnyi-biotrade-pure-skin-z-hialuronovoiu-kyslotoiu-ta-peptydamy-50-ml.html,https://cdn.27.ua/190/c2/23/6930979_2.jpeg,1250,,,,,В наявності,1+1=3,Флюїд,
Флюїд для обличчя Nivea тонувальний LUMINOUS630® 3 в 1 світлий SPF 30 40 мл,https://epicentrk.ua/ua/shop/fliuid-dlia-oblychchia-nivea-tonuvalnyi-luminous630-3-v-1-svitlyi-spf-30-40-ml.html,https://cdn.27.ua/190/5b/87/9395079_1.jpeg,450,693,242,,,В наявності,Акція -34%,NIVEA,35
Флюїд для обличчя Caudalie Vinopure Матуючий «Досконала шкіра» 60 мл,https://epicentrk.ua/ua/shop/fliuid-dlia-oblychchia-caudalie-vinopure-matuiuchyi-doskonala-shkira-60-ml.html,https://cdn.27.ua/190/a6/76/9741942_7.jpeg,1189,,,,,В наявності,1+1=3,Caudalie,
Флюїд для обличчя денний L'Oreal Paris Геній зволоження Зволожувальний з алое 70 мл,https://epicentrk.ua/ua/shop/gel-flyuid-dlya-litsa-dnevnoy-l-oreal-paris-geniy-uvlazhneniya-uvlazhnyayuschiy-s-aloe-70-ml.html,https://cdn.27.ua/190/23/b4/598964_4.jpeg,400,572,171,,,В наявності,-30%,Флюїд,30
Флюїд для обличчя денний L'Oreal Paris Геній зволоження з алое 70 мл,https://epicentrk.ua/ua/shop/gel-flyuid-dlya-litsa-dnevnoy-l-oreal-paris-geniy-uvlazhneniya-s-aloe-70-ml.html,https://cdn.27.ua/190/23/c1/598977_6.jpeg,400,572,171,,,В наявності,-30%,Флюїд,30
Тональний флюїд Caudalie Vinocrush №1 30 мл,https://epicentrk.ua/ua/shop/tonalnyi-fliuid-caudalie-vinocrush-1-30-ml.html,https://cdn.27.ua/190/8c/af/7900335_3.jpeg,1659,,,,,В наявності,1+1=3,Caudalie,
Крем-флюїд анти-акне Marie Fresh з азелаїновою кислотою для проблемної шкіри 30 мл (pfc-1-30),https://epicentrk.ua/ua/shop/mplc-krem-fluid-anti-akne-marie-fresh-z-azelainovou-kislotou-dla-problemnoi-skiri-30-ml-pfc-1-30-1eef0ff2-ad52-620c-8f10-f33fe9a8a110.html,https://cdn.27.ua/sc--media--prod/default/0c/5e/9a/0c5e9a71-ef9d-4a0f-a1f6-30e8112fe7ab.jpg,473,630,157,,,В наявності,-24%,Marie Fresh,25
Флюїд для обличчя Nivea Q10 Експерт Потрійний захист від зморщок денний SPF 50 40 мл,https://epicentrk.ua/ua/shop/fliuid-dlia-oblychchia-nivea-q10-ekspert-potriinyi-zakhyst-vid-zmorshchok-dennyi-spf-50-40-ml.html,https://cdn.27.ua/190/b1/6b/9679211_1.jpeg,386,515,128,,,В наявності,Акція -24%,NIVEA,25
Флюїд для обличчя денний L'OREAL Professionnel Revitalift Skin Expert Ревіталіфт Клінікал Вітамін С 50 мл,https://epicentrk.ua/ua/shop/fliuid-dlia-oblychchia-dennyi-loreal-professionnel-revitalift-skin-expert-revitalift-klinikal-vitamin-s-50-ml.html,https://cdn.27.ua/190/b7/e7/7518183_2.jpeg,606,808,202,,,В наявності,Акція -25%,Флюїд,25
Флюїд L'Oreal Paris Bright Reveal проти пігментних плям із фактором захисту SPF 50+ 50 мл,https://epicentrk.ua/ua/shop/fliuid-loreal-paris-bright-reveal-proty-pihmentnykh-pliam-iz-faktorom-zakhystu-spf-50-50-ml.html,https://cdn.27.ua/190/37/49/8664905_1.jpeg,606,808,202,,,В наявності,Акція -25%,L'Oreal Paris,25
Крем-флюїд день-ніч TANOYA для себорегуляції 50 мл,https://epicentrk.ua/ua/shop/krem-dlia-oblychchia-den-nich-tanoya-dlia-seborehuliatsii-50-ml.html,https://cdn.27.ua/190/f0/77/6615159_2.jpeg,307,,,,,В наявності,1+1=3,TANOYA,
Флюїд день-ніч Hillary Зволоження та Живлення Олійний для обличчя FLUID OIL 30 мл83 г,https://epicentrk.ua/ua/shop/fliuid-den-nich-hillary-zvolozhennia-ta-zhyvlennia-oliinyi-dlia-oblychchia-fluid-oil-30-ml83-h.html,https://cdn.27.ua/190/ef/39/7860025_3.jpeg,645,,,,,В наявності,1+1=3,Флюїд,
Крем-флюїд LaCabine Vit-C для обличчя з вітаміном С SPF50 30 мл,https://epicentrk.ua/ua/shop/krem-fliuid-lacabine-vit-c-dlia-oblychchia-z-vitaminom-s-spf50-30-ml.html,https://cdn.27.ua/190/7c/b7/8748215_1.jpeg,1430,,,,,В наявності,1+1=3,LaCabine,
Крем-флюїд день-ніч LaCabine Dark Spots Corrector проти пігментних плям SPF50 30 мл,https://epicentrk.ua/ua/shop/krem-fliuid-den-nich-lacabine-dark-spots-corrector-proty-pihmentnykh-pliam-spf50-30-ml.html,https://cdn.27.ua/190/7c/b9/8748217_1.jpeg,1430,,,,,В наявності,1+1=3,LaCabine,
Тональний флюїд Caudalie Vinocrush № 3 30 мл 30 мл,https://epicentrk.ua/ua/shop/tonalnyi-fliuid-caudalie-vinocrush-3-30-ml-30-ml.html,https://cdn.27.ua/190/8c/a3/7900323_3.jpeg,1659,,,,,В наявності,1+1=3,Caudalie,
Крем-флюїд день-ніч Hillary для інтенсивної ревіталізації шкіри з вітаміном C Vitamin C Intensive Skin Revitali,https://epicentrk.ua/ua/shop/krem-fliuid-den-nich-hillary-dlia-intensyvnoi-revitalizatsii-shkiry-z-vitaminom-c-vitamin-c-intensive-skin-revitali.html,https://cdn.27.ua/190/ef/23/7860003_3.jpeg,947,,,,,В наявності,1+1=3,Hillary,
Засіб коригувальний La Roche-Posay Effaclar АІ для обличчя 15 мл (1453119820),https://epicentrk.ua/ua/shop/mplc-zasib-koriguval-nij-la-roche-posay-effaclar-ai-dla-oblicca-15-ml-1453119820-1f0c4c31-1dfc-6eac-bbd4-c553be21e6c4.html,https://cdn.27.ua/sc--media--prod/default/2f/95/8a/2f958ac7-bcc5-448e-97c8-ca3c5140591c.jpg,727,,,,,В наявності,,La Roche-Posay,
Флюїд сонцезахисний SVR Sun Secure Comfort Fluid 50 мл SPF 50+ (1613284820),https://epicentrk.ua/ua/shop/mplc-fluid-soncezahisnij-spf50-svr-sun-secure-comfort-fluid-50-ml-spf-50-1f0bf1fb-7f27-61b8-9bb8-51a69cdf8e94.html,https://cdn.27.ua/sc--media--prod/default/b4/96/82/b49682cb-5e76-4d62-b988-17cb32c957e9.jpg,844,,,,,В наявності,,SVR,
Флюїд сонцезахисний La Roche-Posay Anthelios ультралегкий і ультрастійкий для обличчя й навколо очей SPF 50 50 мл (1453119934),https://epicentrk.ua/ua/shop/mplc-fluid-soncezahisnij-la-roche-posay-anthelios-ul-tralegkij-i-ul-trastijkij-dla-oblicca-j-navkolo-ocej-spf-50-50-ml-1453119934-1f0bb46b-49a9-6edc-a869-d7edb39f1e9f.html,https://cdn.27.ua/sc--media--prod/default/88/99/7a/88997ade-6fed-42c8-9102-124995712a9f.jpg,574,799,225,,,В наявності,-28%,La Roche-Posay,28
Сонцезахисний супер флюїд BABE sun protection депігмент з транексамовою кислотою і вітаміном С 50 мл (1155),https://epicentrk.ua/ua/shop/mplc-soncezahisnij-super-fluid-babe-sun-protection-depigment-z-traneksamovou-kislotou-i-vitaminom-s-50-ml-1155-1f0b9868-30a4-6a1e-b67c-5de7626a67c0.html,https://cdn.27.ua/sc--media--prod/default/20/42/00/204200ed-98fb-47d3-aae0-1c75abc67805.jpeg,1209,,,,,В наявності,,BABE Laboratorios,
Флюїд для обличчя та шкіри навколо очей La Roche-Posay Toleriane Dermallergo Fluide заспокійливий 40 мл (1573218873),https://epicentrk.ua/ua/shop/mplc-fluid-dla-oblicca-ta-skiri-navkolo-ocej-la-roche-posay-toleriane-dermallergo-fluide-zaspokijlivij-40-ml-1573218873-1f0b6944-9d4c-6930-890c-fbe420ad636b.html,https://cdn.27.ua/sc--media--prod/default/16/4d/bf/164dbf4f-e213-4356-be29-ba6d5e777001.jpg,969,,,,,В наявності,,La Roche-Posay,
Флюїд-гель сонцезахисний Vichy Ideal Soleil Bronze Tan Optimizing Hydrating Face Gel-Fluid SPF 30 для обличчя 50 мл (2704437868),https://epicentrk.ua/ua/shop/mplc-fluid-gel-soncezahisnij-vichy-ideal-soleil-bronze-tan-optimizing-hydrating-face-gel-fluid-spf-30-dla-oblicca-50-ml-2704437868-1f0b694a-5ecd-685c-9461-612fcf5bb169.html,https://cdn.27.ua/sc--media--prod/default/cd/db/e5/cddbe542-636e-4eda-87fc-b7bd0bf097df.jpg,594,792,198,,,В наявності,-25%,Vichy,25
Флюїд для обличчя та шкіри навколо очей La Roche-Posay Toleriane Dermallergo Fluide заспокійливий 40 мл (2121026132),https://epicentrk.ua/ua/shop/mplc-fluid-dla-oblicca-ta-skiri-navkolo-ocej-la-roche-posay-toleriane-dermallergo-fluide-zaspokijlivij-40-ml-2121026132-1f0b6944-9d8e-6e20-8456-fbe420ad636b.html,https://cdn.27.ua/sc--media--prod/default/88/ce/79/88ce79c9-29a7-41a3-99a5-5f108df12673.jpg,893,1041,148,,,В наявності,-14%,La Roche-Posay,14
Емульсія зволожувальна для обличчя Onmacabim Oxygen Vitality Moisturizing Lotion SPF15 250 мл (22467858),https://epicentrk.ua/ua/shop/mplc-emul-sia-zvolozuval-na-dla-oblicca-onmacabim-oxygen-vitality-moisturizing-lotion-spf15-250-ml-22467858-1efa4f0f-35fd-6348-912b-95ee3f0d4a11.html,https://cdn.27.ua/sc--media--prod/default/ac/08/84/ac088443-db05-41fd-b74e-236f4aa28aa5.png,4690,,,,,В наявності,,Onmacabim,
Флюїд подвійної дії Vichy Normaderm Phytosolution для проблемної шкіри обличчя (1453120020),https://epicentrk.ua/ua/shop/mplc-fluid-podvijnoi-dii-vichy-normaderm-phytosolution-dla-problemnoi-skiri-oblicca-1453120020-1f0afca0-490e-6e10-a8a9-a1c6f428233f.html,https://cdn.27.ua/sc--media--prod/default/23/7a/b9/237ab9b5-88b9-45cc-b536-c66038e53789.jpg,713,,,,,В наявності,,Vichy,
Флюїд сонцезахисний La Roche-Posay Anthelios UVmune 400 Invisible Fluid SPF50+ Fragrance Free легкий (2666532552),https://epicentrk.ua/ua/shop/mplc-fluid-soncezahisnij-la-roche-posay-anthelios-uvmune-400-invisible-fluid-spf50-fragrance-free-legkij-2666532552-1f0afca0-4945-68b6-8731-a1c6f428233f.html,https://cdn.27.ua/sc--media--prod/default/5f/b5/7c/5fb57c20-7264-423a-aef8-9493e9070d4a.jpg,649,854,205,,,В наявності,-24%,La Roche-Posay,24
Флюїд для обличчя Revuele Hyaluronic Daily Sun SPF 50+ 40 мл (2573857164),https://epicentrk.ua/ua/shop/mplc-fluid-dla-oblicca-revuele-hyaluronic-daily-sun-spf-50-40-ml-2573857164-1f0a9b77-d165-61a4-a54b-112db970290b.html,https://cdn.27.ua/sc--media--prod/default/19/10/9d/19109db2-c1ae-441b-8f32-22684dd1b00d.jpg,226,,,,,В наявності,,Revuele,
Флюїд для обличчя Revuele Aloe Daily Sun Fluid SPF 50+ 40 мл (2574862954),https://epicentrk.ua/ua/shop/mplc-fluid-dla-oblicca-revuele-aloe-daily-sun-fluid-spf-50-40-ml-2574862954-1f0a9bd7-5314-6830-aff0-bfbb9f68fd43.html,https://cdn.27.ua/sc--media--prod/default/d9/2f/c8/d92fc851-28da-4318-a3de-99c59e829f5a.jpg,226,,,,,В наявності,,Revuele,
Гідрофільна олія з екстрактом винограду GRAPE EXTRACT 50 мл,https://epicentrk.ua/ua/shop/mplc-gidrofil-na-olia-z-ekstraktom-vinogradu-grape-extract-50-ml-1f0a8292-2594-6d8c-8984-852199c91c69.html,https://cdn.27.ua/sc--media--prod/default/e7/bf/ac/e7bfac29-608a-416a-8bc8-21b9aa8948b9.png,210,350,140,,,В наявності,-40%,DIANGE,40
Флюїд для обличчя сонцезахисний Eucerin Pigment Control Sun Fluid SPF 50+ проти гіперпігментації 50 мл (2231541572),https://epicentrk.ua/ua/shop/mplc-fluid-dla-oblicca-soncezahisnij-eucerin-pigment-control-sun-fluid-spf-50-proti-giperpigmentacii-50-ml-2231541572-1f0a691c-2ac8-6e5a-8ed3-f778befb6b24.html,https://cdn.27.ua/sc--media--prod/default/2c/4b/bd/2c4bbd96-5056-449c-bff6-2f76ae943a02.jpg,700,,,,,В наявності,,Eucerin,
Флюїд для обличчя з ефектом матування Eucerin Dermo Pure Oil Control spf 30 50 мл (2513680157),https://epicentrk.ua/ua/shop/mplc-fluid-dla-oblicca-s-matiruusim-effektom-eucerin-dermo-pure-oil-control-spf-30-50-ml-2513680157-1f0a691c-29c9-6c70-9f0d-f778befb6b24.html,https://cdn.27.ua/sc--media--prod/default/4b/5b/4c/4b5b4caa-0c13-4370-b56d-e022f9f980ba.jpg,600,,,,,В наявності,,Eucerin,
Набір дерматологічних засобів Vichy Normaderm Phytosolution (2228050297),https://epicentrk.ua/ua/shop/mplc-nabir-mini-variantiv-vichy-normaderm-phytosolution-2228050297-1f0a4815-fe8e-6a50-be87-0753898e6263.html,https://cdn.27.ua/sc--media--prod/default/93/f1/10/93f1103f-889b-4e1b-b334-4d383a8ce565.jpg,278,,,,,В наявності,,Vichy,
"Флюїд зволожуючий для обличчя, шиї та декольте Lamic Cosmetici Fluido idratante per viso, collo e decollete 50 мл",https://epicentrk.ua/ua/shop/mplc-fluid-zvolozuucij-dla-oblicca-sii-ta-dekol-te-lamic-cosmetici-fluido-idratante-per-viso-collo-e-decollete-50-ml-1f08404f-16c9-603c-9a6d-67b9b2e398bf.html,https://cdn.27.ua/sc--media--prod/default/cc/36/09/cc36098a-062d-4c16-9348-de110161da09.png,1450,,,,,В наявності,,Lamic Cosmetici,
Флюїд інтенсивно зволожуючий Dr. Spiller Daily Moisturizing Fluid 50 мл,https://epicentrk.ua/ua/shop/mplc-fluid-intensivno-zvolozuucij-dr-spiller-daily-moisturizing-fluid-50-ml-1f081c64-f093-6484-8a54-e12b466fcd00.html,https://cdn.27.ua/sc--media--prod/default/4c/5c/b2/4c5cb23d-3cc0-4395-a14b-5a6011dd14b0.png,1690,,,,,В наявності,,Dr.Spiller,
Флюїд захисний з ефектом вирівнювання тону SPF50 Ericson Laboratoire Perfect [GNX] High Protection Unifying Fluid SPF50 50 мл,https://epicentrk.ua/ua/shop/mplc-fluid-zahisnij-z-efektom-virivnuvanna-tonu-spf50-ericson-laboratoire-perfect-gnx-high-protection-unifying-fluid-spf50-50-ml-1f08404f-16a1-600a-8927-67b9b2e398bf.html,https://cdn.27.ua/sc--media--prod/default/c3/66/d4/c366d40b-0712-4f4c-86fb-52dcc751b655.png,2950,,,,,В наявності,,Ericson Laboratory,
Присушка мультикислотна локальна Smart4Derma 50 мл (2374853854),https://epicentrk.ua/ua/shop/mplc-prisuska-mul-tikislotna-lokal-na-smart4derma-50-ml-2374853854-1f0666ad-5915-6436-9c37-3fe06e9eeec9.html,https://cdn.27.ua/sc--media--prod/default/95/64/ad/9564addb-5704-4a15-b95e-d11bbf8c2410.jpg,514,,,,,В наявності,,Smart4Derma,
Флюїд нічний себорегулюючий Smart4Derma Азеламід 50 мл (2374847770),https://epicentrk.ua/ua/shop/mplc-fluid-nicnij-seboreguluucij-smart4derma-azelamid-50-ml-2374847770-1f066717-bb9c-6644-90ba-9b3274950510.html,https://cdn.27.ua/sc--media--prod/default/8d/19/08/8d190840-2251-4148-a293-944f87a54ff0.jpg,718,,,,,В наявності,,Smart4Derma,
Флюїд матуючий для чоловіків Dr. Spiller Mattifying Balancer 50 мл,https://epicentrk.ua/ua/shop/mplc-fluid-matuucij-dla-colovikiv-dr-spiller-mattifying-balancer-50-ml-1f081c64-f06d-68c4-a2d7-e12b466fcd00.html,https://cdn.27.ua/sc--media--prod/default/36/c1/4c/36c14c49-ca03-449a-9b1d-7ecf33e577e7.png,1990,,,,,В наявності,,Dr.Spiller,
Флюїд фіксувальний Dr.Spiller Hydro-Marin® Fixation Fluid 200 мл,https://epicentrk.ua/ua/shop/mplc-fluid-fiksuval-nij-dr-spiller-hydro-marin-r-fixation-fluid-200-ml-1f0793d7-b02d-6a22-a152-f3844a490030.html,https://cdn.27.ua/sc--media--prod/default/a4/92/da/a492da41-c734-4d81-9549-d07f28140cca.png,3650,,,,,В наявності,,Dr.Spiller,
Крем-флюїд ALCINA FOR MEN Active Face Power для всіх типів шкіри 50 мл (4008666348630),https://epicentrk.ua/ua/shop/mplc-krem-flyuid-alcina-for-men-active-face-power-dlya-vsikh-tipiv-shkiri-50-ml-4008666348630-1ec8a800-ae31-69be-a476-750323cef7d1.html,https://cdn.27.ua/sc--media--prod/default/c7/b0/d6/c7b0d69a-081f-4c1d-8ab3-53d14576dea6.jpg,846,879,33,,,В наявності,-3%,ALCINA,4
Крем флюїд Uspix 30 мл (U015122),https://epicentrk.ua/ua/shop/mplc-krem-flyuid-uspix-30-ml-u015122-1ec8cb2b-6090-6004-88c0-45e802429cda.html,https://cdn.27.ua/sc--media--prod/default/09/42/47/09424717-a465-48f5-92a0-6df7a61c2e6e.jpg,609,,,,,В наявності,,Uspix,
Крем-флюїд С Vitamin C Intensive Skin Revitalization Fluid Hillary 30 мл (2314941528942),https://epicentrk.ua/ua/shop/mplc-krem-flyuid-s-vitamin-c-intensive-skin-revitalization-fluid-hillary-30-ml-2314941528942-1ec8feca-a90f-6dac-9c8f-8b4c471a954c.html,https://cdn.27.ua/sc--media--prod/default/37/ba/be/37babe28-1ef1-46f9-9632-242a2e1f215d.jpg,926,1090,164,,,В наявності,-15%,Hillary,15
Флюїд мінеральний Anna Lotan Classic Mineral Splash з термальною водою 200 мл (AL0166),https://epicentrk.ua/ua/shop/mplc-mineral-nij-fluid-z-termal-nou-vodou-anna-lotan-classic-mineral-splash-al0166-1eec1bbc-cb77-62aa-9899-f70ac656acb9.html,https://cdn.27.ua/sc--media--prod/default/98/5d/27/985d2762-31f0-4109-b6ce-b69ec523c66e.jpg,1070,1205,135,,,В наявності,-11%,Anna Lotan,11
Флюїд олійний для обличчя Hillary FLUID OIL (HI-08-155),https://epicentrk.ua/ua/shop/mplc-fluid-olijnij-dla-oblicca-hillary-fluid-oil-hi-08-155-1eef0ff2-99a4-684a-a9c1-f33fe9a8a110.html,https://cdn.27.ua/sc--media--prod/default/77/de/49/77de49ce-5972-4f77-97a3-2c750d9d688f.jpg,449,561,112,,,В наявності,-19%,Hillary,20
Флюїд для обличчя Malu Wilz Aloe Vera Fluid 50 мл,https://epicentrk.ua/ua/shop/mplc-fluid-dla-oblicca-malu-wilz-aloe-vera-fluid-50-ml-1f036fd8-7850-6c48-8cc8-8536af3764f6.html,https://cdn.27.ua/sc--media--prod/default/9b/00/70/9b0070d1-9e85-4576-8b5e-3372bd2362bd.png,1283,,,,,В наявності,,Malu Wilz,
Молочко-флюїд Cure Skin Milk-Fluid Defense SPF50 200 мл (0357),https://epicentrk.ua/ua/shop/mplc-molocko-fluid-cure-skin-milk-fluid-defense-spf50-200-ml-0357-1efd34aa-22b1-640a-aed5-cbc52fdc9cfe.html,https://cdn.27.ua/sc--media--prod/default/26/71/a2/2671a2c5-fdb9-4fa6-8461-ab2058832927.png,1168,,,,,В наявності,,Cure Skin,
Крем-флюїд безжировий СПФ 30 (20314141),https://epicentrk.ua/ua/shop/mplc-krem-fluid-bezzirovij-spf-30-20314141-1ef660dd-1683-6810-9a37-8554679be6fb.html,https://cdn.27.ua/sc--media--prod/default/7e/68/dd/7e68ddc5-aa4f-4d31-8b70-d5a9dd07c4fb.jpg,414,,,,,В наявності,,Nikol Professional Cosmetics,
Флюїд зволожуючий універсальний (20094501),https://epicentrk.ua/ua/shop/mplc-fluid-zvolozuucij-universal-nij-20094501-1ef5bdce-6b7b-6e88-9241-d3d309099c9e.html,https://cdn.27.ua/sc--media--prod/default/7a/d3/ec/7ad3ec55-7eda-4ac2-ab3e-a91a4188cf4a.jpg,545,,,,,В наявності,,Nikol Professional Cosmetics,
Флюїд зволожуючий універсальний (20094504),https://epicentrk.ua/ua/shop/mplc-fluid-zvolozuucij-universal-nij-20094504-1ef5bdd5-bf13-6c56-81c9-53c0703f9b60.html,https://cdn.27.ua/sc--media--prod/default/bb/99/fd/bb99fdf9-476a-4c8c-8635-28d932e0b8bf.jpg,376,,,,,В наявності,,Nikol Professional Cosmetics,
Емульсія зволожуюча Holy Land Double Action Hydratant Emulsion 70 мл,https://epicentrk.ua/ua/shop/mplc-emul-sia-zvolozuuca-holy-land-double-action-hydratant-emulsion-70-ml-1ef55d50-b08d-67bc-82e1-45b30582d157.html,https://cdn.27.ua/sc--media--prod/default/02/e0/7e/02e07ec7-0984-4a7c-886f-6312d83f5598.jpg,1282,1425,143,,,В наявності,-10%,Holy Land,10
Нічний крем-флюїд для обличчя Hydralift Hyaluron Revuele 50 мл (3800225902427),https://epicentrk.ua/ua/shop/mplc-nichnii-krem-flyuid-dlya-oblichchya-hydralift-hyaluron-revuele-50-ml-3800225902427-1ed042fb-cf3c-6ce2-9d3d-bfc93b1a061f.html,https://cdn.27.ua/sc--media--prod/default/a9/9f/36/a99f36af-42d8-4257-9147-a5cac946e194.jpg,155,,,,,В наявності,,Revuele,
Олія гідрофільна для нормальної шкіри Hillary Cleansing Oil + 5 oils (HI-08-112),https://epicentrk.ua/ua/shop/mplc-olia-gidrofil-na-dla-normal-noi-skiri-hillary-cleansing-oil-5-oils-hi-08-112-1eef0ff2-97d5-6be0-a6c9-f33fe9a8a110.html,https://cdn.27.ua/sc--media--prod/default/a9/bd/fd/a9bdfd7d-f3be-43b5-a2de-c4e3d1f30935.jpg,426,569,143,,,В наявності,-25%,Hillary,25
Флюїд для обличчя FOR YOUNG girls 75 мл,https://epicentrk.ua/ua/shop/mplc-fluid-dla-oblicca-for-young-girls-75-ml-1ef22673-1dcc-67be-b462-5b7491b54bab.html,https://cdn.27.ua/sc--media--prod/default/ec/54/1b/ec541b57-f314-4655-9408-8b4b087c4d75.jpg,82,,,,,В наявності,,TRIUGA,
Флюїд зволожуючий універсальний (20094496),https://epicentrk.ua/ua/shop/mplc-fluid-zvolozuucij-universal-nij-20094496-1ef5bdd5-bef6-666a-996e-53c0703f9b60.html,https://cdn.27.ua/sc--media--prod/default/5b/d2/30/5bd23006-a177-4ddd-8c9a-fe9f7058603d.jpg,1091,,,,,В наявності,,Nikol Professional Cosmetics,
Крем-флюїд TANOYA для себорегуляції комбінованої та жирної шкіри 50 мл (24579846),https://epicentrk.ua/ua/shop/mplc-krem-fluid-tanoya-dla-seboregulacii-kombinovanoi-ta-zirnoi-skiri-50-ml-24579846-1eff390e-b971-6650-b196-1bffdfdc37d8.html,https://cdn.27.ua/sc--media--prod/default/fe/de/24/fede24b3-c290-4fa2-829b-6071fc187212.webp,308,450,142,,,В наявності,-31%,TANOYA,32
Крем-флюїд безжировий СПФ 50 (20314155),https://epicentrk.ua/ua/shop/mplc-krem-fluid-bezzirovij-spf-50-20314155-1ef660dd-15b1-66e4-8e47-8554679be6fb.html,https://cdn.27.ua/sc--media--prod/default/09/c2/99/09c29956-a075-458e-9734-e0bf9a01e654.jpg,336,,,,,В наявності,,Nikol Professional Cosmetics,
Флюїд для обличчя Malu Wilz Men Energy Fluid 50 мл,https://epicentrk.ua/ua/shop/mplc-fluid-dla-oblicca-malu-wilz-men-energy-fluid-50-ml-1f036fd8-787f-6926-827c-8536af3764f6.html,https://cdn.27.ua/sc--media--prod/default/8c/70/a8/8c70a85b-aede-410b-b9d5-4b7897687458.png,1827,,,,,В наявності,,Malu Wilz,
Флюїд освітлюючий з бакучиолом Mak Malvy (25564052),https://epicentrk.ua/ua/shop/mplc-fluid-osvitluucij-z-bakuciolom-mak-malvy-25564052-1f016346-61d1-6a30-bdb0-ff562fbaffef.html,https://cdn.27.ua/sc--media--prod/default/5a/91/33/5a91338a-05d0-4f2e-b958-fc5e58b31522.png,590,700,110,,,В наявності,-15%,Mak Malvy,16
Флюїд ALCINA 10% АНА Facial Fluid для корекції гіперкератозу шкіри 50 мл (4008666342751),https://epicentrk.ua/ua/shop/mplc-flyuid-alcina-10-ana-facial-fluid-dlya-korektsii-giperkeratozu-shkiri-50-ml-4008666342751-1ec8a800-afa3-6d60-8685-750323cef7d1.html,https://cdn.27.ua/sc--media--prod/default/dd/97/08/dd970837-4c4c-4478-8431-a206531320ac.jpg,1008,1050,42,,,В наявності,-4%,ALCINA Professional,4
Флюїд ALCINA Skin Clarifying Fluid очищуючий для проблемної шкіри обличчя 50 мл (4008666343499),https://epicentrk.ua/ua/shop/mplc-flyuid-alcina-skin-clarifying-fluid-ochishchuyuchii-dlya-problemnoi-shkiri-oblichchya-50-ml-4008666343499-1ec8a800-b018-6322-a7b0-750323cef7d1.html,https://cdn.27.ua/sc--media--prod/default/8f/46/b6/8f46b669-9b83-45c1-94bb-bddd25e88d3d.jpg,669,696,27,,,В наявності,-3%,ALCINA Professional,4
Флюїд для обличчя анті-стрес Autography Anti-Stress Fluid 50 мл (a00013),https://epicentrk.ua/ua/shop/mplc-krem-fluid-autography-anti-stress-fluid-spf-35-s-ceramidami-ta-koenzimom-q10-a00013-1eef0ff9-f94c-6cb4-ba89-9769c9815b38.html,https://cdn.27.ua/sc--media--prod/default/9d/8c/8a/9d8c8a77-6926-45a1-a1c9-e57880bd1a8f.jpg,600,,,,,В наявності,,Autography,
Флюїд для омолодження шкіри Mak Malvy з бакучіолом 50 мл (42013408),https://epicentrk.ua/ua/shop/mplc-fluid-dla-omolodzenna-skiri-mak-malvy-z-bakuciolom-50-ml-42013408-1ee63af0-cd53-6f7c-94c0-2f74a90ede41.html,https://cdn.27.ua/sc--media--prod/default/d4/ca/d1/d4cad19d-b720-4c2a-8060-f81aa7be0907.jpg,1484,,,,,В наявності,,Mak Malvy,
Зволожуючий Крем-Флюїд Reclaire для обличчя з протеїнами ікри 50 мл (2000962943931),https://epicentrk.ua/ua/shop/mplc-zvolozhuyuchii-krem-flyuid-reclaire-dlya-oblichchya-z-proteinami-ikri-50-ml-2000962943931-1ed39b9a-06fc-69bc-a424-811e0b564574.html,https://cdn.27.ua/sc--media--prod/default/13/f4/75/13f475b0-7c0c-4d2e-a681-8454a0e7aedd.jpg,470,,,,,В наявності,,Reclaire,
Флюїд-коректор пігментних плям Meddis Well Age 30 мл (MD0024),https://epicentrk.ua/ua/shop/mplc-fluid-korektor-pigmentnih-plam-meddis-well-age-30-ml-md0024-1f00fbdc-312f-6214-b9e3-05f3152d375b.html,https://cdn.27.ua/sc--media--prod/default/6f/32/da/6f32dadb-abea-419d-a23f-e0973e0a902b.jpg,430,495,65,,,В наявності,-13%,Meddis,13
Крем-флюїд TANOYA для себорегуляції комбінованої та жирної шкіри 100 мл (24578472),https://epicentrk.ua/ua/shop/mplc-krem-fluid-tanoya-dla-seboregulacii-kombinovanoi-ta-zirnoi-skiri-100-ml-24578472-1eff390e-b94b-69a0-97dc-1bffdfdc37d8.html,https://cdn.27.ua/sc--media--prod/default/3e/38/b3/3e38b31a-d1e0-438f-800f-b7cfbe2ee4c8.webp,450,675,225,,,В наявності,-33%,TANOYA,33
Флюїд нічний себорегулюючий Smart4Derma Azelamid Booster Blemish Correct Acne derm active 50 мл (14824426),https://epicentrk.ua/ua/shop/mplc-fluid-nicnij-seboreguluucij-smart4derma-azelamid-booster-blemish-correct-acne-derm-active-50-ml-14824426-1eee9f76-0c1d-63ba-9619-ed72549e2291.html,https://cdn.27.ua/sc--media--prod/default/fe/cf/17/fecf1719-84cd-4954-93e0-0035e41fe181.png,500,,,,,В наявності,,Smart4Derma,
Флюїд для обличчя Malu Wilz з алое вера 50 мл (4060425020980),https://epicentrk.ua/ua/shop/mplc-fluid-dla-oblicca-malu-wilz-z-aloe-vera-50-ml-4060425020980-1ef1f530-a798-6598-b37a-8749913e4fa5.html,https://cdn.27.ua/sc--media--prod/default/a0/52/57/a0525749-561e-4e9c-9801-28d6da33df19.jpg,961,1601,640,,,В наявності,-39%,Malu Wilz,40
Гель-флюїд антибактеріальний Pelart Laboratory Antibacterial Fluid Gel For Oily Skin 50 мл (109),https://epicentrk.ua/ua/shop/mplc-gel-fluid-antibakterial-nij-pelart-laboratory-antibacterial-fluid-gel-for-oily-skin-50-ml-109-1ef984ea-6a2d-67de-8566-87c1a782f931.html,https://cdn.27.ua/sc--media--prod/default/23/03/6d/23036d9a-45df-4045-9a2d-051065915c73.png,620,,,,,В наявності,,Pelart,
Гідро-Флюїд для зволоження обличчя Logona з гіалуроновою кислотою та алое 30 мл (730060),https://epicentrk.ua/ua/shop/mplc-gidro-fluid-dla-zvolozenna-oblicca-logona-z-gialuronovou-kislotou-ta-aloe-30-ml-730060-1efacddc-45d9-6c98-9325-6b629a14d9b8.html,https://cdn.27.ua/sc--media--prod/default/ec/b9/af/ecb9af28-6590-4102-9c7f-638aa4db3ed6.jpg,1020,,,,,В наявності,,LOGONA,
Крем-флюїд для інтенсивної ревіталізації шкіри з вітаміном С Hillary Vitamin C Intensive Skin Revitalization (HI-08-942),https://epicentrk.ua/ua/shop/mplc-krem-fluid-dla-intensivnoi-revitalizacii-skiri-z-vitaminom-s-hillary-vitamin-c-intensive-skin-revitalization-hi-08-942-1eef0ff2-92ba-6ad4-b802-f33fe9a8a110.html,https://cdn.27.ua/sc--media--prod/default/4f/6e/bc/4f6ebc83-1b2c-432d-a189-043402d60ae8.jpg,758,947,189,,,В наявності,-19%,Hillary,20
Флюїд сонцезахисний La Roche-Posay Anthelios UVA 400 для чутливої ​​шкіри обличчя SPF 50 50 мл,https://epicentrk.ua/ua/shop/mplc-fluid-soncezahisnij-la-roche-posay-anthelios-uva-400-dla-cutlivoi-skiri-oblicca-spf-50-50-ml-1ef3870e-57cf-62c0-8398-d9a74378df37.html,https://cdn.27.ua/sc--media--prod/default/49/0a/44/490a4442-7738-40bb-b3b5-51de91663343.png,735,,,,,В наявності,,La Roche-Posay,
Крем-флюїд безжировий СПФ 50 (20314156),https://epicentrk.ua/ua/shop/mplc-krem-fluid-bezzirovij-spf-50-20314156-1ef660dd-159b-6f42-ae12-8554679be6fb.html,https://cdn.27.ua/sc--media--prod/default/73/87/e0/7387e015-67ea-41a9-9e30-add13fc37f9e.jpg,1378,,,,,В наявності,,Nikol Professional Cosmetics,
Крем-флюїд безжировий СПФ 50 (20314144),https://epicentrk.ua/ua/shop/mplc-krem-fluid-bezzirovij-spf-50-20314144-1ef660dd-1647-6888-9acb-8554679be6fb.html,https://cdn.27.ua/sc--media--prod/default/db/68/4b/db684bef-7b12-4dc5-9eba-7475d34dd58a.jpg,721,,,,,В наявності,,Nikol Professional Cosmetics,
Крем-флюїд безжировий СПФ 50 (20314150),https://epicentrk.ua/ua/shop/mplc-krem-fluid-bezzirovij-spf-50-20314150-1ef660dd-15d7-629a-92f2-8554679be6fb.html,https://cdn.27.ua/sc--media--prod/default/eb/3e/57/eb3e5714-67cf-44bd-9d9a-9551f72db570.jpg,586,,,,,В наявності,,Nikol Professional Cosmetics,
Крем-флюїд безжировий СПФ 30 (20314137),https://epicentrk.ua/ua/shop/mplc-krem-fluid-bezzirovij-spf-30-20314137-1ef660dd-16bf-600e-986d-8554679be6fb.html,https://cdn.27.ua/sc--media--prod/default/5d/d1/df/5dd1df32-2c9d-478d-9bdf-22ef5b361a42.jpg,1183,,,,,В наявності,,Nikol Professional Cosmetics,
Омолоджуюча олія для обличчя та шиї Lambre Pure Face Oil (14438261),https://epicentrk.ua/ua/shop/mplc-omolodzuuca-olia-dla-oblicca-ta-sii-lambre-pure-face-oil-14438261-1eed621a-f7c5-62e4-bc90-8fcec63cb7f0.html,https://cdn.27.ua/sc--media--prod/default/70/0c/2c/700c2cb7-e15b-4c8a-8983-b67391c255f1.jpg,671,765,94,,,В наявності,-12%,Lambre,12
Флюїд для обличчя ЯКА для ідеального зволоження 60 мл (4820150751197),https://epicentrk.ua/ua/shop/mplc-flyuid-dlya-oblichchya-yaka-dlya-ideal-nogo-zvolozhennya-60-ml-4820150751197-1ecdff63-3cc5-6f04-a75c-bf32ffac64f9.html,https://cdn.27.ua/sc--media--prod/default/c2/a8/ec/c2a8ec14-f0e2-40e2-9530-416113d1cdab.jpg,141,,,,,В наявності,,ЯКА,
Протизапальний флюїд Jerelia АнтиАкне 30 мл (05512),https://epicentrk.ua/ua/shop/mplc-protizapal-nii-flyuid-jerelia-antiakne-30-ml-05512-1ed0cadf-a62b-6832-b97e-c339323fb2cc.html,https://cdn.27.ua/sc--media--prod/default/12/88/10/128810e9-fd8d-4996-9521-2f873ac11042.jpg,299,389,90,,,В наявності,-23%,J'erelia,23
Флюїд EVO derm для обличчя з пудрою бамбуку мінералами та пробіотиками 30 мл (2000000000459),https://epicentrk.ua/ua/shop/mplc-flyuid-evo-derm-dlya-oblichchya-z-pudroyu-bambuku-mineralami-ta-probiotikami-30-ml-2000000000459-1ece3245-f286-6766-9ca5-372cba74ee63.html,https://cdn.27.ua/sc--media--prod/default/04/d4/8c/04d48c4d-7c02-45eb-9cc8-9ca4bbcf20de.jpg,966,,,,,В наявності,,EVO derm,
Флюїд з бакучиолом Mak Malvy (25564050),https://epicentrk.ua/ua/shop/mplc-fluid-z-bakuciolom-mak-malvy-25564050-1f016346-6199-655e-82e1-ff562fbaffef.html,https://cdn.27.ua/sc--media--prod/default/9a/e4/6d/9ae46d00-df7f-46e4-a204-ebd71a2316bb.png,1290,1500,210,,,В наявності,-14%,Mak Malvy,14
Крем-флюїд для шкіри навколо очей Pelart Laboratory Whitening Cream-Fluid For Delicate Care Around The Eyes 30 мл (129),https://epicentrk.ua/ua/shop/mplc-krem-fluid-dla-skiri-navkolo-ocej-pelart-laboratory-whitening-cream-fluid-for-delicate-care-around-the-eyes-30-ml-129-1ef9d400-fc9d-6e42-9764-5b37467017a0.html,https://cdn.27.ua/sc--media--prod/default/b6/cc/f2/b6ccf2c5-e1bd-4d6f-9de1-59eb43f62408.png,720,,,,,В наявності,,Pelart,
Флюїд для обличчя Ecoforia Lavender Clouds Легкий зволожуючий 50 мл,https://epicentrk.ua/ua/shop/mplc-fluid-dla-oblicca-ecoforia-lavender-clouds-legkij-zvolozuucij-50-ml-1ef12cbc-e246-6cd6-b159-c1934e654495.html,https://cdn.27.ua/sc--media--prod/default/53/e4/b6/53e4b6cd-36f4-4da5-a599-c8f4f84c7593.png,334,,,,,В наявності,,Ecoforia,
Флюїд зволожуючий універсальний (20094509),https://epicentrk.ua/ua/shop/mplc-fluid-zvolozuucij-universal-nij-20094509-1ef5bdd5-bf31-694a-8f1a-53c0703f9b60.html,https://cdn.27.ua/sc--media--prod/default/66/fe/d9/66fed9cc-5804-4420-bff9-9d261dad3603.jpg,196,,,,,В наявності,,Nikol Professional Cosmetics,
Ліфтинг-флюїд пептидний для зони навколо очей Smart4Derma P-lift eye fluid whiteness lili Age Performance 30 мл (14897285),https://epicentrk.ua/ua/shop/mplc-lifting-fluid-peptidnij-dla-zoni-navkolo-ocej-smart4derma-p-lift-eye-fluid-whiteness-lili-age-performance-30-ml-14897285-1eee9f76-0ac5-6922-bc4c-ed72549e2291.html,https://cdn.27.ua/sc--media--prod/default/93/2c/1e/932c1e30-43b8-42d6-a43b-680e0ee3e9f3.jpg,900,,,,,В наявності,,Smart4Derma,
Крем-флюїд Mola Sensitive Therapy Fluid для чутливої ​​шкіри обличчя схильної до почервоніння (30649113),https://epicentrk.ua/ua/shop/mplc-krem-fluid-mola-sensitive-therapy-fluid-dla-cutlivoi-skiri-oblicca-shil-noi-do-pocervoninna-30649113-1ef7be4b-bf2c-64f4-8779-c1d0d9f1d8ad.html,https://cdn.27.ua/sc--media--prod/default/90/a2/e4/90a2e4ee-4512-4b7d-8f07-1165252658ff.jpg,1125,1250,125,,,В наявності,-10%,Mola,10
Гель для обличчя підсушуючий Holy Land Acnox Spot Drying Gel 20 мл,https://epicentrk.ua/ua/shop/mplc-gel-dla-oblicca-pidsusuucij-holy-land-acnox-spot-drying-gel-20-ml-1ef28413-0ef9-65a4-b0c1-6bae4f2c7dbb.html,https://cdn.27.ua/sc--media--prod/default/5c/18/5f/5c185f91-e31a-4194-bdad-d41e1d3e2307.jpg,1890,2100,210,,,В наявності,-10%,Holy Land,10
Крем-флюїд безжировий СПФ 30 (20314143),https://epicentrk.ua/ua/shop/mplc-krem-fluid-bezzirovij-spf-30-20314143-1ef660dd-165e-6c0e-a551-8554679be6fb.html,https://cdn.27.ua/sc--media--prod/default/0f/f5/6e/0ff56e0f-6092-4f6b-935d-f00c1bc783b3.jpg,231,,,,,В наявності,,Nikol Professional Cosmetics,
Крем-флюїд безжировий СПФ 30 (20314139),https://epicentrk.ua/ua/shop/mplc-krem-fluid-bezzirovij-spf-30-20314139-1ef660dc-5973-6662-9572-8fc1c92d1867.html,https://cdn.27.ua/sc--media--prod/default/07/83/4a/07834a82-1122-41de-b3c8-763b5954b74a.jpg,588,,,,,В наявності,,Nikol Professional Cosmetics,
Крем-флюїд для обличчя Pelart Laboratory Moisturizing Cream Fluid With SPF 15 50 мл (186),https://epicentrk.ua/ua/shop/mplc-krem-fluid-dla-oblicca-pelart-laboratory-moisturizing-cream-fluid-with-spf-15-50-ml-186-1ef9d400-fc74-6f1a-beb2-5b37467017a0.html,https://cdn.27.ua/sc--media--prod/default/07/76/a9/0776a91f-2404-4884-ae2e-990f4ae6ccad.png,760,,,,,В наявності,,Pelart,
Флюїд La Roche-Posay Anthelios UVA 400 Oil Control SPF 50+ з матуючим ефектом для жирної чутливої шкіри обличчя 50 мл,https://epicentrk.ua/ua/shop/fliuid-la-roche-posay-anthelios-uva-400-oil-control-spf-50-z-matuiuchym-efektom-dlia-zhyrnoi-chutlyvoi-shkiry-oblychchia-50-ml.html,https://cdn.27.ua/190/b6/d1/7517905_1.jpeg,769,,,,,В наявності,,Інше,
Крем-флюїд при перших вікових змінах Gen identity First Signs of Aging Fluid Cream 50 мл,https://epicentrk.ua/ua/shop/mplc-krem-fluid-pri-persih-vikovih-zminah-gen-identity-first-signs-of-aging-fluid-cream-50-ml-1f047961-1def-6298-a0ce-dfb85b576cb9.html,https://cdn.27.ua/sc--media--prod/default/29/a7/b4/29a7b494-50fa-4c61-9258-c383e71463f1.png,3490,4200,710,,,В наявності,-16%,Gen identity,17
Флюїд миттєво знімаючий втому Ericson Laboratoire Eye Zone Fluide Defatigant Instantane 30 мл (Е1060),https://epicentrk.ua/ua/shop/mplc-fluid-mittevo-znimaucij-vtomu-ericson-laboratoire-eye-zone-fluide-defatigant-instantane-30-ml-e1060-1effdae6-8a5e-6046-bcfd-fbb4f8906447.html,https://cdn.27.ua/sc--media--prod/default/3f/0e/16/3f0e16bc-bd8b-4677-9f5d-b593ea072de7.png,2750,,,,,В наявності,,Ericson Laboratory,
Крем-флюїд безжировий СПФ 30 (20314145),https://epicentrk.ua/ua/shop/mplc-krem-fluid-bezzirovij-spf-30-20314145-1ef660dd-1635-684a-a9b6-8554679be6fb.html,https://cdn.27.ua/sc--media--prod/default/19/23/b0/1923b0d5-a37d-4f68-9acf-8c3d27bce26a.jpg,2075,,,,,В наявності,,Nikol Professional Cosmetics,
Крем-флюїд безжировий СПФ 50 (20314147),https://epicentrk.ua/ua/shop/mplc-krem-fluid-bezzirovij-spf-50-20314147-1ef660dd-1611-60c6-bfcc-8554679be6fb.html,https://cdn.27.ua/sc--media--prod/default/61/cd/3e/61cd3e5d-bbb4-4b84-bf25-481b3c12be98.jpg,2463,,,,,В наявності,,Nikol Professional Cosmetics,
Емульсія зволожувальна для обличчя Onmacabim Oxygen Vitality Moisturizing Lotion SPF15 50 мл (22468287),https://epicentrk.ua/ua/shop/mplc-emul-sia-zvolozuval-na-dla-oblicca-onmacabim-oxygen-vitality-moisturizing-lotion-spf15-50-ml-22468287-1efa4f0f-3617-6676-b310-95ee3f0d4a11.html,https://cdn.27.ua/sc--media--prod/default/1e/9f/16/1e9f1683-11c4-4f73-a615-5cfa7099e7f2.png,2390,,,,,В наявності,,Onmacabim,
Легкий розгладжуючий крем флюїд Cashmere GKhair 50 мл (815401018703),https://epicentrk.ua/ua/shop/mplc-legkij-rozgladzuucij-krem-fluid-cashmere-gkhair-50-ml-815401018703-1ee1b429-6732-6948-8dd2-e38287820d5f.html,https://cdn.27.ua/sc--media--prod/default/27/7d/c7/277dc708-2d3c-45c4-96dc-3f905ba4c4b9.jpg,2089,2611,522,,,В наявності,-19%,GKhair,20
Флюїд освітлюючий для сяяння шкіри Ericson Laboratoire Novapeel AHA Brightening Perfection Fluid 50 мл (Е1098),https://epicentrk.ua/ua/shop/mplc-fluid-osvitluucij-dla-saanna-skiri-ericson-laboratoire-novapeel-aha-brightening-perfection-fluid-50-ml-e1098-1effdae6-8cd9-61d6-bfad-fbb4f8906447.html,https://cdn.27.ua/sc--media--prod/default/04/47/c4/0447c44d-a0be-4d63-a7be-473b54c7e89d.png,3000,,,,,В наявності,,Ericson Laboratory,
Флюїд відновлюючий з центеллою Sanmarine Soothing & Repair Centella Fluid 50 мл (033),https://epicentrk.ua/ua/shop/mplc-fluid-vidnovluucij-z-centellou-sanmarine-soothing-repair-centella-fluid-50-ml-033-1efb56e7-7866-6fd2-9bd9-df707bc9b37e.html,https://cdn.27.ua/sc--media--prod/default/02/16/b5/0216b5c1-a486-4ab7-adb0-2a522e9451be.png,2020,,,,,В наявності,,Sanmarine,
Флюїд матуючий Renew Dermakey Smart Matt Fluid 50 мл (9001050),https://epicentrk.ua/ua/shop/mplc-fluid-matuucij-renew-dermakey-smart-matt-fluid-50-ml-9001050-1f00405f-70fa-6698-8d65-a92b09388a8a.html,https://cdn.27.ua/sc--media--prod/default/e7/28/77/e72877e2-894c-47cb-a396-0853f7190152.png,2750,3117,367,,,В наявності,-11%,Renew,12
Крем-флюїд SVV383 Phytomer зволожуючий матуючий 50 мл (3530013501920),https://epicentrk.ua/ua/shop/mplc-krem-fluid-svv383-phytomer-zvolozuucij-matuucij-50-ml-3530013501920-1ef1f47c-e824-6b5c-969f-1503f2011158.html,https://cdn.27.ua/sc--media--prod/default/20/48/76/204876f3-199a-4033-b506-d0e068453685.jpg,2052,3421,1369,,,В наявності,-40%,Phytomer,40
Зволожуючий крем-флюїд Guinot Hydrazone 50 мл (507200),https://epicentrk.ua/ua/shop/mplc-zvolozhuyuchii-krem-flyuid-guinot-hydrazone-50-ml-507200-1ec00eb2-4fb5-651a-bc91-f13dad261991.html,https://cdn.27.ua/sc--media--prod/default/6b/eb/5f/6beb5f0a-437f-4084-9682-00ce45fa5d5a.png,4728,,,,,В наявності,,Guinot,
Флюїд для обличчя захисний Valmont LumiCity UVB SPF 50 30 мл (7612017057064),https://epicentrk.ua/ua/shop/mplc-fluid-dla-oblicca-zahisnij-valmont-lumicity-uvb-spf-50-30-ml-7612017057064-1ef28ca9-4676-609c-b6ef-47c3694bdfc6.html,https://cdn.27.ua/sc--media--prod/default/be/93/c7/be93c749-9ca4-4642-9ffb-b55420011bb3.jpg,9275,15459,6184,,,В наявності,-40%,Valmont,40
Олива для шкіри обличчя зволожуюча Palmer's з вітамінами E та C,https://epicentrk.ua/ua/shop/mplc-oliva-dla-skiri-oblicca-zvolozuuca-palmer-s-z-vitaminami-e-ta-c-1f05b41d-379f-6ee8-ad16-afa47928a07e.html,https://cdn.27.ua/sc--media--prod/default/d8/71/ab/d871abed-014d-4145-be0b-ac36710051d4.jpg,1178,1215,36,,,В наявності,-3%,Palmer's,3
Засіб для обличчя кремоподібний Burt's Bees з натуральною альтернативою ретинолу,https://epicentrk.ua/ua/shop/mplc-zasib-dla-oblicca-kremopodibnij-burt-s-bees-z-natural-nou-al-ternativou-retinolu-1f05b406-e96a-6ce8-adfc-0d9d2b0a97e7.html,https://cdn.27.ua/sc--media--prod/default/0e/76/60/0e76604a-2a4e-4960-88a2-c0f59e967249.jpg,1193,1230,36,,,В наявності,-3%,Burt's Bees,3
